Asociacion AP,Reducido
APR_SD_APR_L01_Dem_AlicahueLosPerales,APR_L01_F_AlicaPerales
APR_SD_APR_L02_Dem_BartolilloPaihuen,APR_L02_F_BartoPaih
APR_SD_APR_L02_Dem_LaVegaLaVina,APR_L02_F_VegaVina
APR_SD_APR_L02_Dem_LosMolinos,APR_L02_F_LosMolinos
APR_SD_APR_L02_Dem_SanLorenzo,APR_L02_F_SanLorenzo
APR_SD_APR_L05_Dem_Algarrobo,APR_L05_F_Algarrobo
APR_SD_APR_L05_Dem_ElQuemado,APR_L05_F_ElQuemado
APR_SD_APR_L05_Dem_Guayacan,APR_L05_F_Guayacan
APR_SD_APR_L05_Dem_LaMora,APR_L05_F_LaMora
APR_SD_APR_L05_Dem_LasPuertas,APR_L05_F_LasPuertas
APR_SD_APR_L06_Dem_LaHiguera,APR_L06_F_Higuera
APR_SD_APR_L06_Dem_PenablancaMontegrande,APR_L06_F_PenayMonte
APR_SD_APR_L06_Dem_SanJose,APR_L06_F_SanJose
APR_SD_APR_L09_Dem_ElCarmen,APR_L09_F_ElCarmen
APR_SD_APR_L10_Dem_PuenteTalanquen,APR_L10_F_PTalanquen
APR_SD_APR_L10_Dem_QuebradillaLosMaitenes,APR_L10_F_QuebMaitenes
APR_SD_APR_L10_Dem_ValleHermoso,APR_L10_F_VHermoso
APR_SD_APR_L11_Dem_LaCapillaRocoAlto,APR_L11_F_RocoAlto
APR_SD_APR_L11_Dem_LosCorrales,APR_L11_F_LosCorrales
APR_SD_APR_L11_Dem_PasoOscuro,APR_L11_F_PasoOscuro
APR_SD_APR_L11_Dem_QuebradadelCepo,APR_L11_F_QuebCepo
APR_SD_APR_L12_Dem_LasSalinas,APR_L12_F_LasSalinas
APR_SD_APR_P01_Dem_CalleLarga,APR_P01_F_C.Larga
APR_SD_APR_P01_Dem_Chalaco,APR_P01_F_Chalaco
APR_SD_APR_P01_Dem_Pedernal,APR_P01_F_Pedernal
APR_SD_APR_P02_Dem_ElSobrante,APR_P02_F_Sobrante
APR_SD_APR_P02_Dem_ValleLosOlmos,APR_P02_F_V.Olmos
APR_SD_APR_P03_Dem_BronceElDuraznoUnido,APR_P03_F_Bronce
APR_SD_APR_P03_Dem_HierroViejo,APR_P03_F_HierroViejo
APR_SD_APR_P03_Dem_LaCanelilla,APR_P03_F_Canelilla
APR_SD_APR_P03_Dem_LaNipa,APR_P03_F_LaNipa
APR_SD_APR_P03_Dem_LaPolcura,APR_P03_F_Polcura
APR_SD_APR_P03_Dem_LosComunes,APR_P03_F_Comunes
APR_SD_APR_P03_Dem_ManuelMontt,APR_P03_F_M.Montt
APR_SD_APR_P03_Dem_QuebradadeCastro,APR_P03_F_Q.Castro
APR_SD_APR_P03_Dem_SorTeresitadeSantaJulia,APR_P03_F_SantaJulia
APR_SD_APR_P03_Dem_VillaAlbertoCallejas,APR_P03_F_LaVilla
APR_SD_APR_P07_Dem_ElManzano,APR_P07_F_Manzano
APR_SD_APR_P07_Dem_FrutillarAlto,APR_P07_F_FrutillarAlto
APR_SD_APR_P07_Dem_FrutillarBajo,APR_P07_F_FrutillarBajo
APR_SD_APR_P07_Dem_LasPalmas,APR_P07_F_Palmas
APR_SD_APR_P07_Dem_Palquico,APR_P07_F_Palquico
APR_SD_APR_P08_Dem_ArtificioParadero4,APR_P08_F_ArtificioP4
APR_SD_APR_P08_Dem_ArtificiodePedegua,APR_P08_F_Artificio
APR_SD_APR_P08_Dem_ElFrancesSanRamon,APR_P08_F_ElFrances
APR_SD_APR_P08_Dem_LaCanela,APR_P08_F_LaCanela
APR_SD_APR_P08_Dem_MaitenLargo,APR_P08_F_MaitenLargo
APR_SD_APR_P08_Dem_PadreHurtado,APR_P08_F_PHurtado
APR_SD_APR_P08_Dem_ParcelasSanManuelLaVictoria,APR_P08_F_PMVictoria
APR_SD_APR_P08_Dem_Pedegua,APR_P08_F_Pedegua
APR_SD_APR_P08_Dem_Pullancon,APR_P08_F_Pullancon
APR_SD_APR_P08_Dem_QuebradaHondaArtificio,APR_P08_F_QArtificio
APR_SD_APR_P08_Dem_SanLorenzoCasasViejas,APR_P08_F_CasasViejas
APR_SD_APR_P08_Dem_SantaMarta,APR_P08_F_SantaMarta
APR_SD_APR_P08_Dem_TrapicheLongotoma,APR_P08_F_Trapiche
